{
    "$schema": "https://go.kicad.org/pcm/schemas/v1",
    "name": "Component Position Exporter",
    "description": "Generates a Component Position CSV file",
    "description_full": "Generates a Component Position CSV file with DNP support and Natural Sorting.",
    "identifier": "vn.thanhduongvs.component-position-exporter",
    "type": "plugin",
    "runtime": {
        "type": "python",
        "min_version": "3.9"
    },
    "author": {
        "name": "Thanh Duong",
        "contact": {
            "web": "https://github.com/thanhduongvs"
        }
    },
    "maintainer": {
        "name": "Thanh Duong",
        "contact": {
            "web": "https://github.com/thanhduongvs"
        }
    },
    "license": "MIT",
    "resources": {
        "homepage": "https://github.com/thanhduongvs/kicad-component-position"
    },
    "actions": [
        {
            "identifier": "component-position-exporter",
            "name": "Component Position Exporter",
            "description": "Generates a Component Position CSV file",
            "show-button": true,
            "scopes": [
                "pcb"
            ],
            "entrypoint": "plugins/main.py",
            "icons-light": [
                "plugins/icon.png"
            ]
        }
    ],
    "versions": [
        {
            "version": "1.0.0",
            "status": "stable",
            "kicad_version": "9.0",
            "runtime": "ipc",
            "platforms": [
                "linux",
                "windows"
            ]
        }
    ]
}
